personID,name
1,Student 1
2,Student 2
3,Student 3
4,Student 4
5,Student 5
6,Student 6
7,Student 7
8,Student 8
9,Student 9
10,Student 10
11,Student 11
12,Student 12
13,Student 13
14,Student 14
15,Student 15
16,Student 16
17,Student 17
18,Student 18
19,Student 19
20,Student 20
21,Student 21
22,Student 22
23,Student 23
24,Student 24
25,Student 25
26,Student 26
27,Student 27
28,Student 28
29,Student 29
30,Student 30
31,Student 31
32,Student 32
33,Student 33
34,Student 34
35,Student 35
36,Student 36
37,Student 37
38,Student 38
39,Student 39
40,Student 40
41,Student 41
42,Student 42
43,Student 43
44,Student 44
45,Student 45
46,Student 46
47,Student 47
48,Student 48
49,Student 49
50,Student 50
51,Student 51
52,Student 52
53,Student 53
54,Student 54
55,Student 55
56,Student 56
57,Student 57
58,Student 58
59,Student 59
60,Student 60
61,Student 61
62,Student 62
63,Student 63
64,Student 64
65,Student 65
66,Student 66
67,Student 67
68,Student 68
69,Student 69
70,Student 70
71,Student 71
72,Student 72
73,Student 73
74,Student 74
75,Student 75
76,Student 76
77,Student 77
78,Student 78
79,Student 79
80,Student 80
81,Student 81
82,Student 82
83,Student 83
84,Student 84
85,Student 85
86,Student 86
87,Student 87
88,Student 88
89,Student 89
90,Student 90
91,Student 91
92,Student 92
93,Student 93
94,Student 94
95,Student 95
96,Student 96
97,Student 97
98,Student 98
99,Student 99
100,Student 100
101,Student 101
102,Student 102
103,Student 103
104,Student 104
105,Student 105
106,Student 106
107,Student 107
108,Student 108
109,Student 109
110,Student 110
111,Student 111
112,Student 112
113,Student 113
114,Student 114
115,Student 115
116,Student 116
117,Student 117
118,Student 118
119,Student 119
120,Student 120
121,Student 121
122,Student 122
123,Student 123
124,Student 124
125,Student 125
126,Student 126
127,Student 127
128,Student 128
129,Student 129
130,Student 130
131,Student 131
132,Student 132
133,Student 133
134,Student 134
135,Student 135
136,Student 136
137,Student 137
138,Student 138
139,Student 139
140,Student 140
141,Student 141
142,Student 142
143,Student 143
144,Student 144
145,Student 145
146,Student 146
147,Student 147
148,Student 148
149,Student 149
150,Student 150
151,Student 151
152,Student 152
153,Student 153
154,Student 154
155,Student 155
156,Student 156
157,Student 157
158,Student 158
159,Student 159
160,Student 160
161,Student 161
162,Student 162
163,Student 163
164,Student 164
165,Student 165
166,Student 166
167,Student 167
168,Student 168
169,Student 169
170,Student 170
171,Student 171
172,Student 172
173,Student 173
174,Student 174
175,Student 175
176,Student 176
177,Student 177
178,Student 178
179,Student 179
180,Student 180
181,Student 181
182,Student 182
183,Student 183
184,Student 184
185,Student 185
186,Student 186
187,Student 187
188,Student 188
189,Student 189
190,Student 190
191,Student 191
192,Student 192
193,Student 193
194,Student 194
195,Student 195
196,Student 196
197,Student 197
198,Student 198
199,Student 199
200,Student 200
201,Student 1
202,Student 2
203,Student 3
204,Student 4
205,Student 5
206,Student 6
207,Student 7
208,Student 8
209,Student 9
210,Student 10
211,Student 11
212,Student 12
213,Student 13
214,Student 14
215,Student 15
216,Student 16
217,Student 17
218,Student 18
219,Student 19
220,Student 20
221,Student 21
222,Student 22
223,Student 23
224,Student 24
225,Student 25
226,Student 26
227,Student 27
228,Student 28
229,Student 29
230,Student 30
231,Student 31
232,Student 32
233,Student 33
234,Student 34
235,Student 35
236,Student 36
237,Student 37
238,Student 38
239,Student 39
240,Student 40
241,Student 41
242,Student 42
243,Student 43
244,Student 44
245,Student 45
246,Student 46
247,Student 47
248,Student 48
249,Student 49
250,Student 50
251,Student 51
252,Student 52
253,Student 53
254,Student 54
255,Student 55
256,Student 56
257,Student 57
258,Student 58
259,Student 59
260,Student 60
261,Student 61
262,Student 62
263,Student 63
264,Student 64
265,Student 65
266,Student 66
267,Student 67
268,Student 68
269,Student 69
270,Student 70
271,Student 71
272,Student 72
273,Student 73
274,Student 74
275,Student 75
276,Student 76
277,Student 77
278,Student 78
279,Student 79
280,Student 80
281,Student 81
282,Student 82
283,Student 83
284,Student 84
285,Student 85
286,Student 86
287,Student 87
288,Student 88
289,Student 89
290,Student 90
291,Student 91
292,Student 92
293,Student 93
294,Student 94
295,Student 95
296,Student 96
297,Student 97
298,Student 98
299,Student 99
300,Student 100
301,TA 31
302,TA 32
303,TA 33
304,TA 34
305,TA 35
306,TA 36
307,TA 37
308,TA 38
309,TA 39
310,TA 40
311,TA 41
312,TA 42
313,TA 43
314,TA 44
315,TA 45
316,TA 46
317,TA 47
318,TA 48
319,TA 49
320,TA 50
321,TA 51
322,TA 52
323,TA 53
324,TA 54
325,TA 55
326,TA 56
327,TA 57
328,TA 58
329,TA 59
330,TA 60
331,TA 61
332,TA 62
333,TA 63
334,TA 64
335,TA 65
336,TA 66
337,TA 67
338,TA 68
339,TA 69
340,TA 70
341,TA 71
342,TA 72
343,TA 73
344,TA 74
345,TA 75
346,TA 76
347,TA 77
348,TA 78
349,TA 79
350,TA 80
351,TA 81
352,TA 82
353,TA 83
354,TA 84
355,TA 85
356,TA 86
357,TA 87
358,TA 88
359,TA 89
360,TA 90
361,TA 91
362,TA 92
363,TA 93
364,TA 94
365,TA 95
366,TA 96
367,TA 97
368,TA 98
369,TA 99
370,TA 100
371,TA 101
372,TA 102
373,TA 103
374,TA 104
375,TA 105
376,TA 106
377,TA 107
378,TA 108
379,TA 109
380,TA 110
381,TA 111
382,TA 112
383,TA 113
384,TA 114
385,TA 115
386,TA 116
387,TA 117
388,TA 118
389,TA 119
390,TA 120
391,TA 121
392,TA 122
393,TA 123
394,TA 124
395,TA 125
396,TA 126
397,TA 127
398,TA 128
399,TA 129
400,TA 130
401,TA 131
402,TA 132
403,TA 133
404,TA 134
405,TA 135
406,TA 136
407,TA 137
408,TA 138
409,TA 139
410,TA 140
411,Teacher 1
412,Teacher 2
413,Teacher 3
414,Teacher 4
415,Teacher 5
416,Teacher 6
417,Teacher 7
418,Teacher 8
419,Teacher 9
420,Teacher 10
421,Teacher 11
422,Teacher 12
423,Teacher 13
424,Teacher 14
425,Teacher 15
426,Teacher 16
427,Teacher 17
428,Teacher 18
429,Teacher 19
430,Teacher 20
431,Teacher 21
432,Teacher 22
433,Teacher 23
434,Teacher 24
435,Teacher 25
436,Teacher 26
437,Teacher 27
438,Teacher 28
439,Teacher 29
440,Teacher 30
